source,target,weight
1000127610599460864,1218767468954411011,1
1000127610599460864,1331018240470917120,1
1001022754638909441,1151340112955019265,1
1001022754638909441,7025662,1
1006216010771378176,221651256,1
1006216010771378176,70740986,1
1006216010771378176,89282580,1
1007370502866796544,33549858,1
1007370502866796544,70740986,1
1007736018467020801,1218767468954411011,1
1007736018467020801,1331018240470917120,1
1007736018467020801,1349874606027501583,1
1007736018467020801,153838690,1
1007736018467020801,89282580,2
1009825649736015872,1206687307056787462,1
1011312969936973826,1105838381622329344,1
1011312969936973826,70740986,1
1012879781594005504,89282580,1
1014875022974955523,89282580,1
1014888686016782336,1151340112955019265,1
1014888686016782336,21645641,1
1014888686016782336,358470557,1
1014895923107913728,89282580,1
1017076337092321280,1151340112955019265,1
1018564950623567872,14230524,1
1018564950623567872,183030327,1
1018564950623567872,89282580,1
1019049038010675200,1151340112955019265,1
1019049038010675200,7025662,1
1021802416776392704,1116071575407796224,1
1021935316536635392,1151340112955019265,2
1021935316536635392,1218767468954411011,1
1021935316536635392,1331018240470917120,1
1021935316536635392,7025662,6
1021935316536635392,874256563,1
1021935316536635392,89282580,1
1022162274725912577,1105838381622329344,1
1022943613590888453,7025662,1
1022943613590888453,70740986,1
1024539377190490112,1331018240470917120,2
1025324514,1331018240470917120,1
1025324514,15792387,1
1025324514,89282580,1
1026851519671492609,1151340112955019265,1
1027990788645576704,1304051396942139397,1
1029951169760768001,1151340112955019265,1
1029951169760768001,15792387,1
1033557510895149056,70740986,1
103762416,1151340112955019265,1
103762416,7025662,1
1039674950146293761,967299284235440128,1
1040282611799740417,221651256,1
1040282611799740417,70740986,1
1040657814736257025,1002264516384690176,1
1040657814736257025,1116071575407796224,1
1040657814736257025,3330717731,4
1041540429337030657,1151340112955019265,1
1041540429337030657,7025662,1
104359494,1218767468954411011,1
104359494,874256563,1
1044602363770802176,1218767468954411011,1
1044602363770802176,1331018240470917120,1
1044669801476628480,1218767468954411011,1
1044827459126996992,1151340112955019265,1
1044827459126996992,7025662,1
1045475206054248448,14230524,1
1045475206054248448,183030327,1
1045475206054248448,89282580,2
1046448126389833729,1151340112955019265,1
1052319190118555650,1331018240470917120,1
1053561969964400640,7025662,1
1053684564,7025662,1
1054844253963116545,1151340112955019265,1
1054844253963116545,89282580,1
1056915012474847237,70740986,1
1057225324759576577,1331018240470917120,1
1057225324759576577,89282580,1
1057785240301850624,1331018240470917120,2
1057785240301850624,15792387,1
1057785240301850624,89282580,1
1058833634,221651256,1
1058833634,70740986,1
1064205838632591361,1218767468954411011,1
1064205838632591361,1331018240470917120,1
1066798840693563392,1304051396942139397,1
1068681410444173314,497591536,1
1068681410444173314,89282580,5
1068681410444173314,967912318398058496,1
1069749953038376960,111199711,1
1069749953038376960,1218767468954411011,1
1073809798041350144,34418203,1
1073809798041350144,7025662,1
1074659241552723974,1161723340475817984,1
1074659241552723974,1331018240470917120,1
1074847487628857344,1007736018467020801,1
1074847487628857344,4870952111,1
1076638967259430913,1151340112955019265,1
1077415291259359233,1151340112955019265,1
1080683282537287681,1151340112955019265,1
1080683282537287681,21645641,1
1080683282537287681,221651256,1
1080683282537287681,358470557,1
1080683282537287681,375923438,1
1081788983418519552,1218767468954411011,1
1081788983418519552,1331018240470917120,1
1081899899694784512,14230524,1
1081899899694784512,183030327,1
1081899899694784512,89282580,1
1082819697450631169,89282580,1
1084132130,1151340112955019265,1
1084132130,21645641,1
1084132130,358470557,1
1084132130,50841706,1
1084132130,872408798073282560,1
1085672858334879744,70740986,1
1087372640,221651256,1
1087372640,70740986,1
1087502008603602944,89282580,1
1088120833527201793,1151340112955019265,1
1088120833527201793,21645641,1
1088120833527201793,358470557,1
1089713687454134272,1331018240470917120,1
1091104099351887873,7025662,1
1091104099351887873,874256563,1
1094980211911913472,89282580,1
1095322702905257985,1246578119307337729,1
1095322702905257985,1304051396942139397,1
1095322702905257985,1331018240470917120,1
1095322702905257985,1358407609166950401,2
1095322702905257985,1365397245210882052,1
1095775067034636288,89282580,1
109746464,1177644192610361345,1
1098409623055405056,1218767468954411011,1
1100529277332799490,45299043,1
1100529277332799490,7025662,2
1100529277332799490,834054641000312834,1
1100529277332799490,89282580,2
1100599713190027264,1218767468954411011,1
1100599713190027264,1331018240470917120,1
1100599713190027264,14230524,1
1100599713190027264,183030327,1
1100599713190027264,89282580,1
1100599713190027264,967299284235440128,1
1102311347923103745,1151340112955019265,1
1102311347923103745,7025662,1
1102500990329085952,121583530,1
1102500990329085952,70740986,1
1102500990329085952,89282580,1
1103472039132827649,7025662,1
1103472039132827649,89282580,1
1104222768097304576,1218767468954411011,2
1104222768097304576,1331018240470917120,3
1104222768097304576,806105386109517824,1
110527889,1151340112955019265,1
110527889,7025662,1
1105871569727995904,578288795,1
1108841938298507264,967299284235440128,1
110903384,1218767468954411011,1
1113573823562035201,14230524,1
1113573823562035201,183030327,1
1113573823562035201,89282580,1
1114247512695533568,7025662,1
1114247512695533568,89282580,1
1114406339885916161,70740986,1
1119072132267298817,1331018240470917120,2
1119072132267298817,221651256,1
1119072132267298817,70740986,2
1119072132267298817,89282580,1
112036532,630306751,1
1125904172,1151340112955019265,2
1125904172,7025662,1
1126589378342551553,213088670,1
1126962769415344128,70740986,1
1132313225490571265,1360406910684585988,1
1132313225490571265,337998042,1
1132402306446708737,89282580,1
1133396456658866177,7025662,1
1133396456658866177,89282580,1
1134418378020577282,1105838381622329344,1
1134418378020577282,1331018240470917120,2
1134418378020577282,22998150,1
1134418378020577282,70740986,1
1134418378020577282,82455213,1
113505134,7025662,1
113505134,89282580,1
1136387109667950594,70740986,1
1136629999052697600,344925046,1
113714205,256824557,1
113714205,70740986,2
113714205,89282580,1
113714205,967299284235440128,1
1138286927743000581,1052581285540110336,1
1138286927743000581,1203814286168080385,1
1138286927743000581,1246578119307337729,1
1138286927743000581,1315483968834359296,1
1138286927743000581,256824557,1
1138286927743000581,34418203,1
1138286927743000581,7025662,1
1138286927743000581,70740986,1
1138286927743000581,71026122,1
1138286927743000581,874256563,1
1138286927743000581,967299284235440128,1
1141401533256482816,89282580,1
1142860256235724800,15792387,2
1142860256235724800,256824557,1
1142860256235724800,89282580,1
1144429418707935232,1151340112955019265,1
1145622653534760960,89282580,1
1146428706857992192,221651256,1
1146428706857992192,70740986,1
1146791572551413760,89282580,4
1148815857516023809,7025662,1
1148815857516023809,89282580,1
1149607480827289600,1331018240470917120,1
1149607480827289600,30570271,1
1149607480827289600,497591536,1
1149607480827289600,89282580,1
1149607480827289600,967912318398058496,1
1150162766021496832,1151340112955019265,1
1150162766021496832,21645641,1
1150162766021496832,358470557,1
1150868736750080001,1151340112955019265,1
1153910057173581825,15792387,1
1153910057173581825,89282580,1
1154519083532070913,967299284235440128,1
1156247089996845057,1218767468954411011,1
1156247089996845057,1331018240470917120,1
1158131668948901888,1151340112955019265,2
1158131668948901888,1249529747547156480,1
1158131668948901888,1331018240470917120,1
1158131668948901888,21645641,1
1158131668948901888,358470557,1
1158131668948901888,7025662,1
1159273884765630466,1105838381622329344,1
1165670270058651648,1151340112955019265,1
1165994513783033856,1218767468954411011,1
1167607211209703425,1007736018467020801,1
1168199974376660992,1095322702905257985,1
1168199974376660992,1116071575407796224,1
1168199974376660992,1161438249430200320,1
1168199974376660992,1241823195512135689,1
1168199974376660992,1260256966179520514,1
1168199974376660992,1372217387798429696,2
1168199974376660992,142955542,1
1168199974376660992,24489790,1
1168199974376660992,779490550051463168,1
1171224362004992000,1212198513213239297,1
1171224362004992000,2366345316,1
1171224362004992000,89282580,1
117294126,14230524,1
117294126,183030327,1
117294126,89282580,1
1173417531769593857,1348087687148953601,1
1174493206823800832,70740986,1
1177648312565895168,1151340112955019265,1
1177648312565895168,21645641,1
1177648312565895168,358470557,1
1177648312565895168,50841706,1
1177648312565895168,872408798073282560,1
117888615,1151340112955019265,1
117888615,21645641,1
117888615,358470557,1
117888615,50841706,1
117888615,872408798073282560,1
1181317107973316608,1331018240470917120,1
1181317107973316608,67480420,1
1181328792947589120,34418203,1
1181328792947589120,7025662,3
118220642,89282580,1
1182691130003066880,1116071575407796224,1
118432756,1331018240470917120,1
1184660648950669312,221651256,1
1184660648950669312,29221775,1
1186447733839802368,1035190563744743425,1
1186447733839802368,35640698,1
1186447733839802368,36164207,1
1186447733839802368,4161140125,1
1186579389208645632,89282580,1
1190785382796943360,1151340112955019265,2
1190785382796943360,1331018240470917120,1
1191486810301648901,89282580,1
1193982607920381952,89282580,1
1195196329095507968,7025662,1
1195196329095507968,874256563,1
119556603,1151340112955019265,1
1195800132094050304,14230524,1
1195800132094050304,183030327,1
1195800132094050304,89282580,1
1195852314994720768,14230524,1
1195852314994720768,183030327,1
1195852314994720768,89282580,1
119699026,1331018240470917120,2
119699026,806105386109517824,1
1199149449047662596,1151340112955019265,1
1199149449047662596,21645641,1
1199149449047662596,358470557,1
1199149449047662596,50841706,1
1199149449047662596,872408798073282560,1
1202701765407363081,1151340112955019265,1
1202701765407363081,21645641,1
1202701765407363081,358470557,1
1203952514497802241,256824557,1
1203952514497802241,967299284235440128,1
1205236246408245248,7025662,1
1205236246408245248,82455213,1
1205604773099114496,901960525181059072,1
1206087944693522432,1304051396942139397,1
1207027413600948225,7025662,1
1208619120117325824,70740986,1
1208928564806127616,1151340112955019265,1
1208928564806127616,21645641,1
1208928564806127616,358470557,1
1208928564806127616,50841706,1
1208928564806127616,872408798073282560,1
1210841176498065409,1218767468954411011,1
1211772301294755840,7025662,1
1211772301294755840,89282580,1
1212198513213239297,1331018240470917120,1
1212198513213239297,32213049,1
1212198513213239297,70740986,1
1214001673154134017,1218767468954411011,1
1214001673154134017,1331018240470917120,1
121583530,70740986,1
121583530,89282580,1
1216128565395116032,1351944444560474117,1
1216128565395116032,7025662,2
1216128565395116032,89282580,2
1216893590313586688,1151340112955019265,1
1216893590313586688,21645641,1
1216893590313586688,221651256,1
1216893590313586688,358470557,1
1216893590313586688,50841706,1
1216893590313586688,70740986,2
1216893590313586688,872408798073282560,1
1216893590313586688,89282580,1
1217131493161492481,1870130772,1
1217131493161492481,445171040,1
1217131493161492481,562248311,1
1218618185827651584,1331018240470917120,1
1218618185827651584,1358407609166950401,2
1218618185827651584,967299284235440128,2
1219253105910525952,70740986,1
1219253105910525952,89282580,1
1220155851580887041,987397075049566209,1
1220330808420028416,21959159,1
1224742524004315137,1218767468954411011,1
1224742524004315137,1331018240470917120,1
1225632626062442501,15792387,1
1225632626062442501,221651256,1
1226356352282484736,1151340112955019265,1
1226533452,89282580,1
1226580038012854279,1138286927743000581,1
1227009071137427456,1218767468954411011,1
1227009071137427456,1331018240470917120,1
1227009071137427456,89282580,1
123094540,1151340112955019265,1
123094540,1331018240470917120,1
1234288047912628225,1331018240470917120,1
1235278841972690949,30538490,1
123589392,179191506,3
1236817560169058305,1151340112955019265,1
1236817560169058305,34418203,1
1236817560169058305,7025662,2
1237946104223686662,7025662,1
1237946104223686662,89282580,1
1238343923753349121,1151340112955019265,1
1238343923753349121,7025662,1
1238916583591993348,73463687,1
1239652282850881542,1105838381622329344,1
1239652282850881542,7025662,1
1241060820018057216,1218767468954411011,1
1241060820018057216,1331018240470917120,1
1242598051304398848,1307691489187844097,1
1242765179198283776,89282580,1
1243302376410406912,1218767468954411011,1
1243302376410406912,1304051396942139397,1
1243302376410406912,1346617672100929536,1
1243302376410406912,70740986,1
1243302376410406912,89282580,1
1243302376410406912,967299284235440128,1
1243356586887823360,2371996740,1
1244416138244771840,73463687,1
1244416138244771840,89282580,2
1244447523013615622,1218767468954411011,1
1244447523013615622,1331018240470917120,1
1244858694975852545,806105386109517824,1
1246578119307337729,1331018240470917120,1
1246578119307337729,89282580,1
1246848024221024262,1331018240470917120,1
1246848024221024262,89282580,1
1246893220912660482,967299284235440128,1
1246973516924227585,806105386109517824,1
1247490293714296833,1151340112955019265,1
1247490293714296833,21645641,1
1247490293714296833,358470557,1
1247490293714296833,50841706,1
1247490293714296833,872408798073282560,1
1247559205290115072,1218767468954411011,1
1247559205290115072,1237946104223686662,1
1247559205290115072,807000113172201476,1
1247572687,1151340112955019265,1
1247572687,1286151626357694469,1
1247572687,21645641,1
1247572687,358470557,1
124773514,1151340112955019265,1
124773514,7025662,1
1248763400966025217,1331018240470917120,1
1250135497118228485,1105838381622329344,3
1250135497118228485,497591536,1
1250135497118228485,7025662,4
1250135497118228485,70740986,3
1250135497118228485,89282580,4
1250135497118228485,967299284235440128,1
1250135497118228485,967912318398058496,1
1250609227833528322,1151340112955019265,1
1250609227833528322,21645641,1
1250609227833528322,358470557,1
1250609227833528322,50841706,1
1250609227833528322,872408798073282560,1
1250609227833528322,89282580,1
125112735,143447722,1
125112735,33319484,1
1251234742516756481,1331018240470917120,1
125150653,1218767468954411011,1
1252582760281264128,1218767468954411011,1
1252582760281264128,15033845,1
1252582760281264128,16402111,1
1252582760281264128,32213049,1
1252582760281264128,89282580,1
1253760876395606016,23603092,1
1253760876395606016,70740986,1
1254324209993555969,14230524,1
1254324209993555969,183030327,1
1254324209993555969,89282580,1
125445771,1151340112955019265,1
125445771,21645641,1
125445771,358470557,1
125445771,50841706,1
125445771,872408798073282560,1
1254826701340770304,7025662,1
1254826701340770304,89282580,1
1255527360146923520,1151340112955019265,2
1255549537231437826,1007736018467020801,1
1255549537231437826,1218767468954411011,1
1255549537231437826,1331018240470917120,2
1256439649813377029,1151340112955019265,1
1256439649813377029,21645641,1
1256439649813377029,358470557,1
1257349191690604555,7025662,1
1257349191690604555,70740986,1
1258505153218523137,1218767468954411011,2
1258505153218523137,1331018240470917120,2
1258762097749565440,89282580,2
1259219676305010688,1151340112955019265,1
1259219676305010688,21645641,1
1259219676305010688,358470557,1
1261824854,14230524,1
1261824854,183030327,1
1261824854,89282580,1
1262493576878940160,89282580,1
1263028195978366976,70740986,1
1263028195978366976,967299284235440128,1
1263167819669069824,89282580,1
1263610618315182080,221651256,1
1263610618315182080,70740986,1
1263956539804659713,1105838381622329344,1
1263956539804659713,1218767468954411011,1
1263956539804659713,1331018240470917120,1
1263956539804659713,70740986,1
1265852251878416384,1218767468954411011,1
1265852251878416384,7025662,1
1266765821856153602,1151340112955019265,1
1266765821856153602,1218767468954411011,1
1266765821856153602,1304051396942139397,1
1266765821856153602,15033845,1
1266765821856153602,15792387,1
1266765821856153602,221651256,1
1266765821856153602,32213049,1
1266765821856153602,7025662,1
1266765821856153602,70740986,2
1266765821856153602,73463687,1
1266874703127379971,1151340112955019265,1
1266874703127379971,21645641,1
1266874703127379971,358470557,1
1266874703127379971,50841706,1
1266874703127379971,872408798073282560,1
1266938202029469698,7025662,1
1266938202029469698,89282580,1
1268056982176452608,70740986,1
1268056982176452608,89282580,1
1268056982176452608,944835650,1
1268265541535518720,1218767468954411011,1
1270861726653853702,1151340112955019265,1
1270861726653853702,21645641,1
1270861726653853702,358470557,1
1270861726653853702,50841706,1
1270861726653853702,872408798073282560,1
1271886100840226816,70740986,1
1271886100840226816,89282580,1
1272607148023971847,1002264516384690176,1
1272607148023971847,1331018240470917120,1
1272607148023971847,89282580,1
1273380804673048576,89282580,1
127365559,1312940312013275144,1
127365559,905584293157769217,1
1273682002030428160,1151340112955019265,1
1273682002030428160,21645641,1
1273682002030428160,358470557,1
1275134185221603329,497591536,1
1275134185221603329,89282580,1
1275134185221603329,967912318398058496,1
127621440,142955542,1
1276219286760062976,1331018240470917120,1
1276232070105387008,1218767468954411011,1
1276232070105387008,1331018240470917120,2
1276944400195694592,89282580,1
1277174894145437697,1105838381622329344,1
1277174894145437697,70740986,1
1277711364493115392,89282580,1
1277730653459668992,1331018240470917120,1
1278147136895324160,1151340112955019265,1
1278147136895324160,21645641,1
1278147136895324160,358470557,1
1278290552081887232,806105386109517824,1
1278528116193976320,1218767468954411011,1
1278528116193976320,1331018240470917120,1
1283278451214921734,7025662,1
1283278451214921734,89282580,1
1286159613583269893,89282580,2
1286533886542053376,1331018240470917120,1
1286533886542053376,7025662,1
128685083,1209636365639602179,1
128685083,1218767468954411011,1
128685083,1331018240470917120,1
128685083,14230524,1
128685083,183030327,1
128685083,89282580,1
128685083,967299284235440128,1
1287472368751988737,1360406910684585988,1
1287472368751988737,337998042,1
1290821034283851777,89282580,1
1291225725022998530,221651256,1
1291225725022998530,70740986,1
1292855883509174276,806105386109517824,1
1292990325020123137,14230524,1
1292990325020123137,183030327,1
1292990325020123137,256824557,1
1292990325020123137,89282580,1
1292990325020123137,967299284235440128,1
1293429936,89282580,2
1294358641542340608,7025662,1
1294358641542340608,89282580,1
1294382893591154696,1105838381622329344,1
1294382893591154696,7025662,1
1294772060116463617,1218767468954411011,1
1294772060116463617,1331018240470917120,3
1294772060116463617,7025662,1
1295392354799693824,1304051396942139397,1
1296225517314674697,1218767468954411011,1
1299121687129190400,221651256,1
1299121687129190400,70740986,2
1299121687129190400,89282580,2
1300240635883122688,1002264516384690176,1
1300240635883122688,806105386109517824,1
1301144731766992897,256824557,1
1301144731766992897,70740986,1
1301144731766992897,967299284235440128,1
1305590030249811968,256824557,1
1305590030249811968,70740986,1
1305590030249811968,967299284235440128,1
1305828880201256960,89282580,1
1308424471150243840,1151340112955019265,1
1308424471150243840,1218767468954411011,1
1308424471150243840,1234288047912628225,1
1308424471150243840,1304051396942139397,1
1308424471150243840,1331018240470917120,1
1308424471150243840,21645641,1
1308424471150243840,358470557,1
1308424471150243840,50841706,1
1308424471150243840,872408798073282560,1
1308874559886708737,1116071575407796224,1
1311058079757348864,1358407609166950401,2
1311058079757348864,967299284235440128,1
1313300650143494144,1246578119307337729,1
1313556611915538445,1002264516384690176,1
1314205529955164165,221651256,1
1314205529955164165,70740986,1
1319049204329779200,7025662,1
1319049204329779200,89282580,2
1320902590603866114,7025662,1
1321509907833696257,1331018240470917120,1
1321509907833696257,89282580,1
1321963150971969536,1151340112955019265,1
1324019793868050439,83020917,1
1324447189880496128,70740986,2
1324447189880496128,89282580,1
1324447189880496128,967299284235440128,1
1326366122552201218,14230524,1
1326366122552201218,183030327,1
1326366122552201218,89282580,1
1326381839695667201,7025662,1
1326381839695667201,89282580,1
1329268995502075906,1151340112955019265,1
1329268995502075906,1688343330,1
1329307221600186369,1304051396942139397,1
1329307221600186369,221651256,1
1329307221600186369,27585328,1
1329666250675429376,7025662,1
1329666250675429376,89282580,1
1330871822,1151340112955019265,2
1330871822,1331018240470917120,1
1330871822,21645641,2
1330871822,221651256,1
1330871822,358470557,2
1330871822,50841706,2
1330871822,70740986,1
1330871822,872408798073282560,2
1330871822,89282580,1
1330871822,967299284235440128,1
1331018240470917120,1331018240470917120,1
1331018240470917120,24565983,1
1333376663472758785,1344851376371888129,1
1334520690221981699,1105838381622329344,1
1334520690221981699,7025662,2
1334712853874450432,1372787853231411202,1
133481523,7025662,1
133481523,89282580,1
1335682517320536065,1331018240470917120,1
1339223307434995712,1161723340475817984,1
1339223307434995712,1331018240470917120,1
1340415892279181314,33549858,1
1340415892279181314,70740986,1
1341534067918057472,1132439404193230848,1
1341936264124239873,1132439404193230848,1
1341936264124239873,1190785382796943360,1
1341983043024683008,1191593405689712640,1
1343631977950441478,89282580,1
1344222810122706945,1151340112955019265,2
1344222810122706945,7025662,1
1344222810122706945,89282580,1
1344644904882999297,7025662,1
1344644904882999297,83186163,1
1344644904882999297,89282580,1
1344851376371888129,1344851376371888129,1
1345727453487050756,1151340112955019265,2
1345727453487050756,1190785382796943360,1
1345727453487050756,21645641,1
1345727453487050756,358470557,1
1345727453487050756,50841706,1
1345727453487050756,743175053202890752,1
1345727453487050756,806105386109517824,1
1345727453487050756,872408798073282560,1
1345907498922991616,1218767468954411011,1
1345907498922991616,1331018240470917120,2
1345907498922991616,747182256163164161,1
1346617672100929536,1346617672100929536,1
1346617672100929536,70740986,1
134753128,70740986,1
1347638180938444800,1331018240470917120,1
1347638180938444800,7025662,1
1347992074050809857,1105838381622329344,1
1347992074050809857,7025662,1
1348087687148953601,1348087687148953601,3
1349422490901217281,70740986,1
1349422490901217281,89282580,1
1349422490901217281,917555363649589248,1
1349459656490573827,1331018240470917120,1
1349827555700973572,1358407609166950401,1
1349827555700973572,967299284235440128,1
1349874606027501583,153838690,1
1349899411392876546,89282580,2
1351710920741974019,1331018240470917120,1
1351944444560474117,1216128565395116032,1
1351944444560474117,7025662,1
1351944444560474117,89282580,1
1352830069866192903,1105838381622329344,2
1352830069866192903,1246578119307337729,1
1352830069866192903,213088670,2
1352830069866192903,221651256,1
1352830069866192903,70740986,2
1355551811072102404,221651256,1
1355551811072102404,70740986,1
1355857104372781058,1105838381622329344,1
1355857104372781058,70740986,1
1358407609166950401,1218618185827651584,1
1358407609166950401,967299284235440128,2
1361734710360215556,7025662,1
1361734710360215556,89282580,1
1362196291120484356,1151340112955019265,1
1362551053632290819,1218767468954411011,1
1362551053632290819,1331018240470917120,2
1363660286796914691,1369703910911393792,1
1363660286796914691,2863151596,1
1364299506867531776,1114785221965230080,1
1365145125135998976,1151340112955019265,1
1365145125135998976,221651256,1
1365145125135998976,70740986,1
1366297807208861698,1105838381622329344,1
1366297807208861698,1218767468954411011,1
1366297807208861698,967299284235440128,1
1366666811089952769,208721130,1
1367375654,7025662,1
1367375654,89282580,1
1368768819775369219,383531990,1
1368768819775369219,887850344667131904,1
1369525788,1151340112955019265,1
1369525788,1218767468954411011,1
1369525788,1331018240470917120,1
1369525788,21645641,1
1369525788,358470557,1
1369525788,50841706,1
1369525788,872408798073282560,1
1369703910911393792,1331018240470917120,1
1370898248005791745,1151340112955019265,1
1370898248005791745,2274214254,1
1371116934889054211,1304051396942139397,1
1372014822196412419,1304051396942139397,1
1372597034457391108,1331018240470917120,1
1372690177433481216,1151340112955019265,1
1372690177433481216,21645641,1
1372690177433481216,358470557,1
1372690177433481216,50841706,1
1372690177433481216,872408798073282560,1
1372787853231411202,1105838381622329344,1
1372787853231411202,70740986,1
137487654,7025662,1
137487654,89282580,1
1378826815,1105838381622329344,1
1396189987,179134038,1
139824862,1151340112955019265,1
139824862,15792387,1
1413087259,1105838381622329344,1
1413087259,70740986,1
14142441,89282580,1
1434137041,806105386109517824,1
146303397,15792387,1
146303397,70740986,1
146303397,89282580,1
146589796,1360406910684585988,1
146589796,266132067,1
148112213,1304051396942139397,1
1483156226,1151340112955019265,1
1483156226,7025662,1
148595061,1309999691136983040,1
14966598,89282580,2
14966598,930896305433571329,1
149961197,14230524,1
149961197,183030327,1
149961197,89282580,1
15021381,221651256,2
150363259,7025662,1
150363259,89282580,1
151679428,1151340112955019265,1
152000258,1304051396942139397,1
15211687,1151340112955019265,1
15211687,89282580,1
1535497170,221651256,1
1535497170,70740986,1
153865592,89282580,1
15518255,1331018240470917120,1
15613458,1151340112955019265,1
15613458,21645641,1
15613458,358470557,1
15792387,1105838381622329344,1
15792387,1151340112955019265,1
15792387,134753128,1
15792387,15033845,1
15792387,221651256,1
15792387,302939852,1
15792387,32213049,1
15792387,70740986,1
15792387,89282580,1
15792387,967299284235440128,1
158253154,967299284235440128,1
16181273,306962449,1
16181273,967299284235440128,1
161892519,1370049534831824901,1
162165832,1151340112955019265,1
162165832,7025662,1
16268932,7025662,1
16268932,89282580,1
16276912,1151340112955019265,1
16276912,7025662,1
163652822,1151340112955019265,1
163652822,1302201737009410050,1
163894697,89282580,1
165038062,1358407609166950401,1
165038062,1362551053632290819,1
1656398234,497591536,1
1656398234,89282580,2
1656398234,967912318398058496,1
1658656633,23603092,1
1658656633,70740986,1
1689461935,7025662,1
1691239136,89282580,1
171209856,7025662,1
1722685357,14230524,1
1722685357,183030327,1
1722685357,89282580,1
172356902,7025662,1
172356902,70740986,1
172550177,1151340112955019265,1
172550177,21645641,1
172550177,358470557,1
175485706,7025662,1
175485706,89282580,1
177029747,1105838381622329344,1
178045360,944835650,1
18192731,89282580,1
183903241,1218767468954411011,1
18403193,1331018240470917120,1
1862641728,26068447,1
1869594499,1151340112955019265,1
1869594499,21645641,1
1869594499,358470557,1
1874321516,70740986,1
1874321516,89282580,1
18783090,1218767468954411011,1
1885212192,2642921180,1
189191790,70740986,1
1912478436,1151340112955019265,1
1912478436,21645641,1
1912478436,358470557,1
19366299,89282580,1
19524348,309340658,1
1957814166,1358407609166950401,1
1957814166,1369703910911393792,1
200685830,1237806446210883586,1
200685830,1331018240470917120,1
20153428,221651256,1
20153428,70740986,1
20403992,1151340112955019265,1
20403992,356437526,1
20450591,70740986,1
20873911,89282580,1
20873911,944835650,1
21042473,1105838381622329344,1
21094419,1151340112955019265,1
212810251,89282580,1
213912392,4561565146,1
21520454,89282580,1
215511993,256824557,2
215511993,70740986,1
215511993,967299284235440128,2
2157504282,7025662,1
2157504282,89282580,1
217241443,1151340112955019265,1
217241443,7025662,1
2185844960,1151340112955019265,1
21923335,70740986,1
21923335,89282580,1
221651256,15792387,1
221651256,221651256,1
22169198,7025662,1
22169198,89282580,1
2224156939,1304051396942139397,1
225176527,221651256,1
225176527,70740986,1
2257139294,73463687,1
22691044,1218767468954411011,1
22691044,70740986,1
22858700,1331018240470917120,1
2287187432,1331018240470917120,1
2287187432,537723673,1
22998150,15033845,1
22998150,32213049,1
22998150,70740986,1
22998150,82455213,1
22998150,89282580,1
229988480,7025662,1
229988480,89282580,2
2317777134,1218767468954411011,1
2319583711,1151340112955019265,1
234568403,7025662,1
234568403,89282580,1
23514851,70740986,1
23514851,967299284235440128,1
235237790,7025662,1
235237790,89282580,1
2352516751,7025662,1
2352516751,70740986,1
2352904457,1151340112955019265,2
2356615087,1331018240470917120,1
23713246,1151340112955019265,1
239620935,134753128,1
239620935,15792387,1
239620935,70740986,1
2422285998,763403,1
242743079,1105838381622329344,1
2455705093,1331018240470917120,1
24840280,7025662,1
24840280,89282580,1
248494353,1218767468954411011,1
248494353,1331018240470917120,1
24943563,1151340112955019265,1
24943563,7025662,1
249888898,1218767468954411011,2
2501607577,7025662,1
2501607577,70740986,2
2501607577,874256563,1
251416447,16402111,1
251416447,21520454,1
251416447,70740986,1
251416447,89282580,2
25157477,37216356,1
25170767,1218767468954411011,1
25170767,1331018240470917120,1
25170767,7025662,1
25170767,89282580,1
252436542,1105838381622329344,1
252436542,21042473,1
252806193,1151340112955019265,1
2542163849,1273380804673048576,1
2542163849,89282580,2
25444895,1105838381622329344,1
2559516721,1214236528441868293,1
2559516721,70740986,1
256397748,1218767468954411011,1
256626451,1218767468954411011,1
256626451,1331018240470917120,1
256626451,20882968,1
256626451,89282580,1
2588472384,89282580,1
259453474,1238916583591993348,1
2600506555,1218767468954411011,1
2600506555,15033845,1
2600506555,32213049,1
2606589518,73463687,2
26110129,1105838381622329344,1
2611157977,70740986,1
261153360,1331018240470917120,1
26575080,221651256,1
26575080,70740986,1
26631847,1151340112955019265,1
26631847,21645641,1
26631847,358470557,1
26631847,50841706,1
26631847,872408798073282560,1
2701597114,1151340112955019265,1
2701597114,7025662,1
270676269,70740986,1
270676269,89282580,1
2714696887,19784831,1
2714696887,70740986,1
2717282693,256824557,1
2717282693,70740986,1
2717282693,967299284235440128,1
2717917098,1151340112955019265,1
2717917098,21645641,1
2717917098,358470557,1
2728745749,1151340112955019265,1
2728745749,1331018240470917120,1
2728745749,21645641,1
2728745749,358470557,1
2728745749,497591536,1
2728745749,7025662,2
2728745749,89282580,2
2728745749,967912318398058496,1
2729948765,2418876808,1
2729948765,70740986,1
2743193009,70740986,1
2748352677,26068447,1
2748352677,3243603891,1
27497710,70740986,1
2765135447,1151340112955019265,1
2765135447,21645641,1
2765135447,358470557,1
2784777091,89282580,1
2790763052,1116071575407796224,1
2795988827,1161723340475817984,1
2795988827,1331018240470917120,1
2795988827,922928836836130816,1
2799205753,1151340112955019265,1
280273640,1151340112955019265,1
280273640,21645641,1
280273640,358470557,1
282787798,1105838381622329344,1
282787798,2909487036,1
282787798,70740986,1
28436244,4107214401,1
2851074911,3330717731,1
2862946354,89282580,1
2869129385,1286151626357694469,1
2869129385,256824557,1
2869129385,89282580,1
2869129385,967299284235440128,1
2877935847,1161723340475817984,1
2877935847,1331018240470917120,1
2890667618,1151340112955019265,1
2890667618,7025662,1
289755729,1105838381622329344,1
2912942248,1331018240470917120,1
2915628095,66724242,1
2921481478,1151340112955019265,1
29332892,7025662,1
29352128,7025662,1
29352128,82455213,1
29385422,967299284235440128,1
2948089582,1357842901083054084,1
2949895527,1105838381622329344,1
2949895527,70740986,1
29591635,1218767468954411011,1
29591635,1331018240470917120,1
29596629,7025662,1
2970527488,7025662,1
2970527488,89282580,1
2977534413,1105838381622329344,1
2977534413,70740986,1
2987458941,1105838381622329344,1
2987458941,1151340112955019265,1
2987458941,922928836836130816,1
3003528027,89282580,1
3018644308,70740986,1
3018644308,874256563,1
30291419,1151340112955019265,1
30291419,7025662,1
3035261639,7025662,1
3035261639,89282580,1
3042555193,1105838381622329344,1
3042555193,89282580,1
30538490,2795042129,1
3080644403,1007736018467020801,1
3082791661,1151340112955019265,1
3084306405,1151340112955019265,1
3089798445,7025662,1
3089798445,89282580,1
3091089072,1151340112955019265,1
309412739,7025662,1
3100001938,1218767468954411011,1
3100001938,1331018240470917120,1
3102948988,7025662,1
3102948988,89282580,1
3104944757,16402111,1
3104944757,70740986,2
311174073,7025662,1
311174073,89282580,1
3141095540,1218767468954411011,1
3144860801,1151340112955019265,1
3144860801,21645641,1
3144860801,358470557,1
3152169613,7025662,1
3152169613,70740986,1
31565677,1331018240470917120,1
318666007,1028047537431883777,1
318666007,1151340112955019265,1
318666007,89282580,1
3201981976,1002264516384690176,1
3201981976,1246578119307337729,1
3207437345,1177644192610361345,1
3223590967,1007736018467020801,1
3223590967,7025662,1
3223590967,89282580,1
3225701042,967299284235440128,1
3232647396,1218767468954411011,1
3232647396,1331018240470917120,1
3236359902,1220285791,1
3236359902,967299284235440128,1
3239117928,1151340112955019265,1
3239117928,21645641,1
3239117928,358470557,1
3241464163,1218767468954411011,1
3241464163,1331018240470917120,1
3241464163,7025662,1
3241464163,89282580,1
3241678045,221651256,1
3241678045,70740986,1
324494034,7025662,1
324494034,89282580,1
324558729,1151340112955019265,1
324558729,21645641,1
324558729,358470557,1
32518602,1151340112955019265,1
32518602,21645641,1
32518602,358470557,1
32556079,70740986,1
3256970110,89282580,1
32737531,89282580,1
3276650317,89282580,1
3280524229,4715536789,1
3294177504,1105838381622329344,2
3294177504,1218767468954411011,2
3294177504,1331018240470917120,1
3294177504,70740986,2
3310756296,1151340112955019265,1
3310756296,7025662,1
3313406815,1151340112955019265,1
3328289054,221651256,1
3330717731,221651256,1
334338415,1151340112955019265,1
334338415,21645641,1
334338415,358470557,1
334500636,89282580,1
3346556931,7025662,1
3346556931,82455213,1
3353588074,7025662,1
3353588074,89282580,2
336307370,1007736018467020801,1
336307370,1250978032514404352,1
336307370,1345907498922991616,1
336307370,1362551053632290819,1
336307370,3080644403,1
336307370,774782140382846977,1
337998042,1360406910684585988,1
337998042,337998042,1
3385154704,1331018240470917120,1
3385154704,89282580,1
3394443281,1151340112955019265,1
3394443281,21645641,1
3394443281,358470557,1
341322777,4872315238,1
3430616477,1218767468954411011,2
3430616477,1225632626062442501,1
3430616477,1372787853231411202,1
3430616477,15792387,1
3430616477,221651256,2
3430616477,2892368626,1
3430616477,29221775,1
3430616477,4561565146,1
3430616477,7025662,1
3430616477,70740986,1
344753037,1151340112955019265,1
34836433,1271190635555454977,1
34929642,1132439404193230848,1
34929642,1286151626357694469,1
34929642,1369703910911393792,1
34929642,15792387,1
34929642,221651256,2
34929642,70740986,1
35129224,1218767468954411011,1
35129224,1331018240470917120,1
35129224,14230524,1
35129224,183030327,1
35129224,89282580,1
35129224,967299284235440128,1
35279603,1151340112955019265,1
35279603,1372690177433481216,1
35279603,21645641,1
35279603,358470557,1
35468014,1218767468954411011,1
355063816,1151340112955019265,1
35640698,763403,1
360042905,7025662,1
360042905,70740986,1
361670548,221651256,1
361670548,70740986,1
36191815,7025662,1
36191815,874256563,1
364074979,1224493660122816515,1
364074979,37216356,1
364074979,874256563,1
366161878,1151340112955019265,1
366161878,21645641,1
366161878,358470557,1
36800361,1705892168,1
36800361,70740986,1
36838999,45299043,1
36838999,7025662,1
36838999,89282580,1
3696301274,1151340112955019265,2
37116555,10718792,1
3766318157,1151340112955019265,1
3766318157,21645641,1
3766318157,221651256,1
3766318157,358470557,1
3766318157,70740986,1
377641352,1151340112955019265,1
377641352,1302201737009410050,1
377696097,1151340112955019265,1
37921652,1068681410444173314,1
37921652,2485637461,1
37921652,4161140125,1
37921652,89282580,1
37921652,905584293157769217,1
38397029,1151340112955019265,1
38397029,21645641,1
38397029,358470557,1
38397029,50841706,1
38397029,872408798073282560,1
383970299,1111934696,1
383970299,1268186317751451648,1
386832917,89282580,1
387473205,7025662,1
387473205,89282580,1
3885647954,7025662,1
3885647954,82455213,1
3903094892,89282580,1
3908663113,1105838381622329344,1
3908663113,70740986,1
39099955,89282580,1
391141068,1218767468954411011,1
39148923,89282580,1
39412149,1331018240470917120,1
3988818093,3330717731,1
40149664,1151340112955019265,1
40149664,70740986,1
41011833,70740986,1
4113776783,1331018240470917120,1
413696296,89282580,1
415796896,1151340112955019265,1
415796896,933013749329514496,1
4161140125,1007736018467020801,1
4161140125,1151340112955019265,1
4161140125,1241823195512135689,1
4161140125,1241913808932782081,1
4161140125,1304051396942139397,2
4161140125,175075854,1
4161140125,21645641,1
4161140125,221651256,1
4161140125,225875883,1
4161140125,358470557,1
4161140125,55438009,1
4161140125,7025662,1
4161140125,705809040,1
4161140125,70740986,1
4161140125,89282580,2
416725191,7025662,1
416725191,89282580,1
420768155,1151340112955019265,1
422335098,1105838381622329344,1
42301800,1331018240470917120,1
423312992,1151340112955019265,1
423312992,328253560,1
4251855779,89282580,1
431256612,43475305,1
4321594575,1151340112955019265,1
43475305,142955542,1
43475305,7025662,1
44217124,1105838381622329344,1
44217124,1218767468954411011,1
44217124,1331018240470917120,1
44217124,967299284235440128,1
4428586103,1119072132267298817,1
4447051332,89282580,1
44746007,1151340112955019265,2
44746007,944835650,1
449183544,23944798,1
45299043,7025662,1
45299043,89282580,1
45884562,70740986,1
465130829,1151340112955019265,1
465130829,7025662,1
46799374,1151340112955019265,1
46799374,7025662,1
468733563,7025662,1
468733563,82455213,1
46959968,89282580,1
46988346,221651256,1
47013047,1151340112955019265,1
47110921,89282580,1
473409767,45780554,1
47447731,7025662,1
47447731,89282580,1
47711219,1151340112955019265,1
47711219,7025662,1
4779339420,336307370,1
4804432943,89282580,1
480595765,1331018240470917120,1
483415002,1331018240470917120,1
483415002,30570271,1
48916820,1151340112955019265,1
4895150570,7025662,1
4895150570,89282580,1
4898308700,221651256,1
4899014997,89282580,1
4916809671,1151340112955019265,1
4916809671,21645641,1
4916809671,358470557,1
497055398,1151340112955019265,1
497055398,1304051396942139397,1
497055398,21645641,1
497055398,358470557,1
498470833,7025662,1
498470833,89282580,1
50148070,7025662,1
50148070,845676990443196416,1
50148070,89282580,1
503836749,1218767468954411011,1
51385779,221651256,1
51385779,70740986,1
519845286,4804432943,1
519845286,89282580,1
519887204,1151340112955019265,1
519887204,21645641,1
519887204,358470557,1
522627804,1218767468954411011,1
522627804,1331018240470917120,1
532465389,1105838381622329344,1
532465389,1151340112955019265,1
532465389,89282580,1
53572480,7025662,1
53572480,89282580,1
552737960,874256563,1
555403421,967299284235440128,1
556352307,1025324514,1
556352307,1105838381622329344,1
556352307,1304051396942139397,1
556352307,89282580,3
562192370,70740986,1
562192370,89282580,1
564115284,7025662,1
564115284,89282580,1
566164224,1041170031017639936,1
566164224,92949925,1
569156526,1151340112955019265,1
569156526,21645641,1
569156526,358470557,1
569156526,70740986,1
582232725,1151340112955019265,1
582232725,21645641,1
582232725,358470557,1
596298659,1218767468954411011,1
596298659,1289442375899774976,1
597797795,1369703910911393792,1
598597932,14230524,1
598597932,183030327,1
598597932,89282580,1
604992219,302939852,1
604992219,89282580,1
6160022,70740986,1
617597433,89282580,2
618318361,89282580,1
619185277,134753128,1
62107319,1331018240470917120,1
621278242,1151340112955019265,2
624043860,89282580,1
624913913,70740986,1
628545158,70740986,1
64710466,1151340112955019265,1
65642104,1105838381622329344,1
65642104,15033845,1
65642104,15792387,1
65642104,32213049,1
67480420,1331018240470917120,1
68244422,1105838381622329344,1
68244422,89282580,1
68479828,1331018240470917120,1
68839094,7025662,1
68839094,89282580,1
7025662,1105838381622329344,1
7025662,34418203,1
7025662,874256563,1
702652460092026881,1218767468954411011,1
702652460092026881,1331018240470917120,2
702652460092026881,16402111,1
702652460092026881,3124725231,1
702652460092026881,70740986,1
705509435091845121,1151340112955019265,1
705509435091845121,7025662,1
705809040,82455213,1
70740986,1105838381622329344,1
70740986,134753128,1
70740986,221651256,2
70740986,256824557,1
70740986,70740986,2
70740986,89282580,1
70740986,967299284235440128,1
716374235602665472,89282580,1
717522604735782912,137487654,1
717522604735782912,70740986,1
717522604735782912,967299284235440128,1
719729857165422593,70740986,1
720844404836052994,14230524,1
720844404836052994,183030327,1
720844404836052994,89282580,1
721391472,1105838381622329344,1
722544338983464960,1132439404193230848,1
723048149082763264,2418876808,1
723048149082763264,70740986,1
724243124495745024,7025662,1
724243124495745024,89282580,1
72437417,1151340112955019265,1
72437417,16312576,1
72437417,230931590,1
72437417,256824557,1
72437417,70740986,1
728769564717146113,1331018240470917120,1
728769564717146113,32213049,1
728769564717146113,70740986,1
730239012670046213,14230524,1
730239012670046213,183030327,1
730239012670046213,89282580,1
737019343,1151340112955019265,1
737019343,21645641,1
737019343,358470557,1
739258597,1151340112955019265,1
739258597,33549858,1
739258597,70740986,1
744320542774276097,7025662,1
744320542774276097,89282580,1
746504365339348992,1151340112955019265,1
746504365339348992,7025662,1
746925509225783296,221651256,1
746925509225783296,70740986,1
747608394316582912,1105838381622329344,1
750007937544970240,1331018240470917120,1
750007937544970240,221651256,1
750007937544970240,89282580,2
750867988065165314,70740986,1
753919345,7025662,1
754555698055254016,1218767468954411011,1
754555698055254016,1331018240470917120,1
754555698055254016,16402111,1
754555698055254016,213088670,1
754555698055254016,221651256,3
754555698055254016,70740986,3
754555698055254016,89282580,1
75573557,256824557,1
75573557,967299284235440128,2
756231562358886400,1218767468954411011,1
756231562358886400,1331018240470917120,1
761004999329492993,89282580,1
763200051648815104,1007736018467020801,1
763200051648815104,1151340112955019265,1
763200051648815104,1372690177433481216,1
763200051648815104,21645641,1
763200051648815104,358470557,1
766106334987182080,1151340112955019265,1
766106334987182080,21645641,1
766106334987182080,358470557,1
766106334987182080,70740986,2
768583328,7025662,1
768583328,82455213,1
770360254265561088,1051576049446907904,1
772270027290451968,134753128,1
772270027290451968,15792387,1
772270027290451968,70740986,1
772270027290451968,89282580,1
77613855,1105838381622329344,1
77613855,70740986,1
778413917307559937,1151340112955019265,2
778686695856156672,256824557,1
780192197949939712,1218767468954411011,1
780192197949939712,1331018240470917120,1
780192197949939712,89282580,2
782438346,21645641,1
782649810633449473,1151340112955019265,1
782649810633449473,7025662,1
794536920596541440,1218767468954411011,1
795583428217319424,1218767468954411011,1
795583428217319424,1331018240470917120,1
795583428217319424,70740986,1
804022125824708608,1116071575407796224,1
804051741515935744,98173738,1
806105386109517824,1151340112955019265,2
806105386109517824,1285441470590259202,1
806105386109517824,1331018240470917120,2
806105386109517824,1354172894377553920,1
806105386109517824,21645641,2
806105386109517824,358470557,2
806105386109517824,497591536,1
806105386109517824,50841706,2
806105386109517824,872408798073282560,2
806105386109517824,89282580,1
806105386109517824,933013749329514496,1
806105386109517824,967912318398058496,1
807067224347475968,1218767468954411011,1
807067224347475968,1331018240470917120,1
807067224347475968,15033845,1
807067224347475968,32213049,1
807067224347475968,89282580,1
808899944677523462,1218767468954411011,2
808899944677523462,1331018240470917120,3
810621287743819776,73463687,2
813144265,1151340112955019265,1
813144265,89282580,2
817517359619567621,1369703910911393792,1
817517359619567621,1372690177433481216,1
818220493,15792387,1
818220493,221651256,1
818625320156856320,89282580,1
821408091497525248,1151340112955019265,1
821408091497525248,7025662,1
823318885663461376,221651256,1
823318885663461376,70740986,1
825514077036228608,1151340112955019265,1
825514077036228608,21645641,1
825514077036228608,358470557,1
825514077036228608,50841706,1
825514077036228608,872408798073282560,1
831676266327666688,7025662,1
834054641000312834,7025662,1
834054641000312834,89282580,1
836418891643404288,89282580,1
838567298709483520,1218767468954411011,1
838567298709483520,1331018240470917120,1
839586458851753984,1151340112955019265,1
841158173713096704,7025662,1
841158173713096704,89282580,1
844279020,29221775,1
846760779084959745,1151340112955019265,1
846760779084959745,89282580,1
848627630836523008,27261369,1
848627630836523008,826740883,1
851629946,7025662,1
852597087887929344,70740986,1
854415620124934144,1011454032056119296,1
856327384563318784,1151340112955019265,1
856710447810191360,1218767468954411011,1
856710447810191360,1331018240470917120,1
857302042871611392,89282580,1
857776085139955712,14230524,1
857776085139955712,183030327,1
857776085139955712,89282580,1
860116921,1151340112955019265,1
860710183303073793,1218767468954411011,1
864571498685648896,7025662,1
864571498685648896,874256563,1
866294241303056388,806105386109517824,1
86802326,1331018240470917120,1
869228116488708096,1151340112955019265,1
871281955903381505,1218767468954411011,1
872972447049539586,1007736018467020801,1
872972447049539586,1218767468954411011,1
874724300607156228,4901133017,2
874724300607156228,62802577,1
878184118420357121,1151340112955019265,1
878184118420357121,70740986,1
878184118420357121,89282580,1
879185458923798533,1161723340475817984,1
879185458923798533,1331018240470917120,1
879185458923798533,922928836836130816,1
880659044305952768,1132439404193230848,1
881853427537629184,221651256,1
881853427537629184,70740986,1
882000714234564608,7025662,1
882000714234564608,89282580,1
88248372,1151340112955019265,1
884271393533067265,221651256,1
89282580,1068681410444173314,1
89282580,73463687,1
895088063738781696,874256563,1
895088063738781696,89282580,1
895732504706994177,7025662,1
900640488,89282580,1
902048561877147648,14230524,1
902048561877147648,183030327,1
902048561877147648,89282580,1
902420712866111488,1331018240470917120,1
902420712866111488,70740986,1
902606778,7025662,1
902606778,89282580,1
905584293157769217,1345427873881063424,1
907064176375484416,1218767468954411011,2
907064176375484416,1331018240470917120,2
907064176375484416,70740986,1
907064176375484416,967299284235440128,2
910285699215175681,396777683,1
913793286602727426,1116071575407796224,1
914671852135559169,1151340112955019265,1
914828943651373056,1105838381622329344,1
917477774109106177,7025662,1
917477774109106177,89282580,2
917607240747700225,1151340112955019265,1
925580292,7025662,1
925580292,89282580,1
933013749329514496,1047846136898359297,1
933013749329514496,1331018240470917120,2
933013749329514496,806105386109517824,2
933013749329514496,89282580,1
934837644659478528,1218767468954411011,2
934837644659478528,1331018240470917120,2
938649236765261824,89282580,1
940147904,15033845,1
940147904,15792387,1
940147904,32213049,1
940147904,874256563,1
942181818064916480,1304051396942139397,1
943032259828961280,16402111,1
943032259828961280,70740986,1
947863729110167552,42301660,1
948407951911456768,1151340112955019265,1
95114539,1348087687148953601,1
951266765438414849,1116071575407796224,1
957736932230025216,1151340112955019265,1
957736932230025216,21645641,1
957736932230025216,358470557,1
959099181230182400,256824557,1
959099181230182400,70740986,1
959099181230182400,967299284235440128,1
959934704056258560,309340658,1
961337127941242880,1151340112955019265,1
961337127941242880,21645641,1
961337127941242880,358470557,1
964325898542514176,1218767468954411011,1
964325898542514176,1331018240470917120,1
964325898542514176,70740986,1
966543164201885697,89282580,1
968343016640430080,967299284235440128,1
968688312746758144,1331018240470917120,1
968688312746758144,32213049,1
968688312746758144,70740986,1
969741799622406146,1331018240470917120,1
974033523542720513,89282580,1
975047482550947841,89282580,1
975485479893204993,89282580,1
975705373,14230524,1
975705373,183030327,1
975705373,89282580,1
983182516738777090,1247572687,1
983997064550985729,1331018240470917120,2
983997064550985729,221651256,1
983997064550985729,256824557,1
983997064550985729,32213049,1
983997064550985729,33549858,1
983997064550985729,70740986,5
983997064550985729,89282580,1
983997064550985729,967299284235440128,1
987979994,1151340112955019265,1
990665882581065728,1151340112955019265,1
990665882581065728,15792387,1
990665882581065728,7025662,2
990665882581065728,874256563,1
993181142365896705,256824557,1
993181142365896705,70740986,1
993181142365896705,967299284235440128,1
993354470993027072,1218767468954411011,1
993354470993027072,710984775755034624,1
995868506,1246578119307337729,1
995868506,1331018240470917120,4
995868506,30570271,1
997195460,23603092,1
997195460,70740986,1
997211060921913344,175075854,1
997659478454452224,7025662,1
997659478454452224,89282580,1
99849269,967299284235440128,1
